class,is_ptr,direct_bases,ancestors
AIScriptAssist,0,,
AIScriptAssistPtr,1,AIScriptAssist,AIScriptAssist
AnimTSParticleController,0,EmitterController,EmitterController|EffectController
AnimTSParticleControllerPtr,1,AnimTSParticleController,AnimTSParticleController|EmitterController|EffectController
ArtificialIntelligence,0,,
ArtificialIntelligencePtr,1,ArtificialIntelligence,ArtificialIntelligence
AsteroidField,0,ObjectClass,ObjectClass|BaseObjectClass|TGEventHandlerObject|TGTemplatedAttrObject|TGAttrObject|TGObject
AsteroidFieldPlacement,0,PlacementObject,PlacementObject|ObjectClass|BaseObjectClass|TGEventHandlerObject|TGTemplatedAttrObject|TGAttrObject|TGObject
AsteroidFieldPlacementPtr,1,AsteroidFieldPlacement,AsteroidFieldPlacement|PlacementObject|ObjectClass|BaseObjectClass|TGEventHandlerObject|TGTemplatedAttrObject|TGAttrObject|TGObject
AsteroidFieldPtr,1,AsteroidField,AsteroidField|ObjectClass|BaseObjectClass|TGEventHandlerObject|TGTemplatedAttrObject|TGAttrObject|TGObject
Backdrop,0,ObjectClass,ObjectClass|BaseObjectClass|TGEventHandlerObject|TGTemplatedAttrObject|TGAttrObject|TGObject
BackdropPtr,1,Backdrop,Backdrop|ObjectClass|BaseObjectClass|TGEventHandlerObject|TGTemplatedAttrObject|TGAttrObject|TGObject
BackdropSphere,0,Backdrop,Backdrop|ObjectClass|BaseObjectClass|TGEventHandlerObject|TGTemplatedAttrObject|TGAttrObject|TGObject
BackdropSpherePtr,1,BackdropSphere,BackdropSphere|Backdrop|ObjectClass|BaseObjectClass|TGEventHandlerObject|TGTemplatedAttrObject|TGAttrObject|TGObject
BaseObjectClass,0,TGEventHandlerObject,TGEventHandlerObject|TGTemplatedAttrObject|TGAttrObject|TGObject
BaseObjectClassPtr,1,BaseObjectClass,BaseObjectClass|TGEventHandlerObject|TGTemplatedAttrObject|TGAttrObject|TGObject
BlinkingLightProperty,0,EffectEmitterProperty,EffectEmitterProperty|PositionOrientationProperty|TGModelProperty|TGObject
BlinkingLightPropertyPtr,1,BlinkingLightProperty,BlinkingLightProperty|EffectEmitterProperty|PositionOrientationProperty|TGModelProperty|TGObject
BridgeEffectAction,0,EffectAction,EffectAction|TGTimedAction|TGAction|TGObject
BridgeEffectActionPtr,1,BridgeEffectAction,BridgeEffectAction|EffectAction|TGTimedAction|TGAction|TGObject
BridgeObjectClass,0,ObjectClass,ObjectClass|BaseObjectClass|TGEventHandlerObject|TGTemplatedAttrObject|TGAttrObject|TGObject
BridgeObjectClassPtr,1,BridgeObjectClass,BridgeObjectClass|ObjectClass|BaseObjectClass|TGEventHandlerObject|TGTemplatedAttrObject|TGAttrObject|TGObject
BridgeSet,0,SetClass,SetClass|TGEventHandlerObject|TGTemplatedAttrObject|TGAttrObject|TGObject
BridgeSetPtr,1,BridgeSet,BridgeSet|SetClass|TGEventHandlerObject|TGTemplatedAttrObject|TGAttrObject|TGObject
BridgeWindow,0,MainWindow,MainWindow|TGPane|TGUIObject|TGEventHandlerObject|TGTemplatedAttrObject|TGAttrObject|TGObject
BridgeWindowPtr,1,BridgeWindow,BridgeWindow|MainWindow|TGPane|TGUIObject|TGEventHandlerObject|TGTemplatedAttrObject|TGAttrObject|TGObject
BuilderAI,0,PreprocessingAI,PreprocessingAI|ArtificialIntelligence
BuilderAIPtr,1,BuilderAI,BuilderAI|PreprocessingAI|ArtificialIntelligence
CPyDebug,0,,
CPyDebugPtr,1,CPyDebug,CPyDebug
CameraMode,0,TGEventHandlerObject,TGEventHandlerObject|TGTemplatedAttrObject|TGAttrObject|TGObject
CameraModePtr,1,CameraMode,CameraMode|TGEventHandlerObject|TGTemplatedAttrObject|TGAttrObject|TGObject
CameraObjectClass,0,BaseObjectClass,BaseObjectClass|TGEventHandlerObject|TGTemplatedAttrObject|TGAttrObject|TGObject
CameraObjectClassPtr,1,CameraObjectClass,CameraObjectClass|BaseObjectClass|TGEventHandlerObject|TGTemplatedAttrObject|TGAttrObject|TGObject
ChangeRenderedSetAction,0,TGAction,TGAction|TGObject
ChangeRenderedSetActionPtr,1,ChangeRenderedSetAction,ChangeRenderedSetAction|TGAction|TGObject
CharacterAction,0,TGAction,TGAction|TGObject
CharacterActionPtr,1,CharacterAction,CharacterAction|TGAction|TGObject
CharacterClass,0,ObjectClass,ObjectClass|BaseObjectClass|TGEventHandlerObject|TGTemplatedAttrObject|TGAttrObject|TGObject
CharacterClassPtr,1,CharacterClass,CharacterClass|ObjectClass|BaseObjectClass|TGEventHandlerObject|TGTemplatedAttrObject|TGAttrObject|TGObject
ChatObjectClass,0,TGEventHandlerObject,TGEventHandlerObject|TGTemplatedAttrObject|TGAttrObject|TGObject
ChatObjectClassPtr,1,ChatObjectClass,ChatObjectClass|TGEventHandlerObject|TGTemplatedAttrObject|TGAttrObject|TGObject
CinematicWindow,0,MainWindow,MainWindow|TGPane|TGUIObject|TGEventHandlerObject|TGTemplatedAttrObject|TGAttrObject|TGObject
CinematicWindowPtr,1,CinematicWindow,CinematicWindow|MainWindow|TGPane|TGUIObject|TGEventHandlerObject|TGTemplatedAttrObject|TGAttrObject|TGObject
CloakingSubsystem,0,PoweredSubsystem,PoweredSubsystem|ShipSubsystem|TGEventHandlerObject|TGTemplatedAttrObject|TGAttrObject|TGObject
CloakingSubsystemProperty,0,PoweredSubsystemProperty,PoweredSubsystemProperty|SubsystemProperty|TGModelProperty|TGObject
CloakingSubsystemPropertyPtr,1,CloakingSubsystemProperty,CloakingSubsystemProperty|PoweredSubsystemProperty|SubsystemProperty|TGModelProperty|TGObject
CloakingSubsystemPtr,1,CloakingSubsystem,CloakingSubsystem|PoweredSubsystem|ShipSubsystem|TGEventHandlerObject|TGTemplatedAttrObject|TGAttrObject|TGObject
CollisionEvent,0,TGEvent,TGEvent|TGObject
CollisionEventPtr,1,CollisionEvent,CollisionEvent|TGEvent|TGObject
ConditionEventCreator,0,TGObject|TGConditionHandler,TGObject|TGConditionHandler
ConditionEventCreatorPtr,1,ConditionEventCreator,ConditionEventCreator|TGObject|TGConditionHandler
ConditionScript,0,TGCondition,TGCondition|TGObject
ConditionScriptPtr,1,ConditionScript,ConditionScript|TGCondition|TGObject
ConditionalAI,0,ArtificialIntelligence|TGConditionHandler,ArtificialIntelligence|TGConditionHandler
ConditionalAIPtr,1,ConditionalAI,ConditionalAI|ArtificialIntelligence|TGConditionHandler
ConsoleWindow,0,MainWindow,MainWindow|TGPane|TGUIObject|TGEventHandlerObject|TGTemplatedAttrObject|TGAttrObject|TGObject
ConsoleWindowPtr,1,ConsoleWindow,ConsoleWindow|MainWindow|TGPane|TGUIObject|TGEventHandlerObject|TGTemplatedAttrObject|TGAttrObject|TGObject
DamageDisplay,0,TGPane,TGPane|TGUIObject|TGEventHandlerObject|TGTemplatedAttrObject|TGAttrObject|TGObject
DamageDisplayPtr,1,DamageDisplay,DamageDisplay|TGPane|TGUIObject|TGEventHandlerObject|TGTemplatedAttrObject|TGAttrObject|TGObject
DamageIcon,0,TGIcon,TGIcon|TGUIObject|TGEventHandlerObject|TGTemplatedAttrObject|TGAttrObject|TGObject
DamageIconPtr,1,DamageIcon,DamageIcon|TGIcon|TGUIObject|TGEventHandlerObject|TGTemplatedAttrObject|TGAttrObject|TGObject
DamageableObject,0,PhysicsObjectClass,PhysicsObjectClass|ObjectClass|BaseObjectClass|TGEventHandlerObject|TGTemplatedAttrObject|TGAttrObject|TGObject
DamageableObjectPtr,1,DamageableObject,DamageableObject|PhysicsObjectClass|ObjectClass|BaseObjectClass|TGEventHandlerObject|TGTemplatedAttrObject|TGAttrObject|TGObject
DebrisParticleController,0,PointParticleController,PointParticleController|EmitterController|EffectController
DebrisParticleControllerPtr,1,DebrisParticleController,DebrisParticleController|PointParticleController|EmitterController|EffectController
EffectAction,0,TGTimedAction,TGTimedAction|TGAction|TGObject
EffectActionPtr,1,EffectAction,EffectAction|TGTimedAction|TGAction|TGObject
EffectController,0,,
EffectControllerPtr,1,EffectController,EffectController
EffectEmitterProperty,0,PositionOrientationProperty,PositionOrientationProperty|TGModelProperty|TGObject
EffectEmitterPropertyPtr,1,EffectEmitterProperty,EffectEmitterProperty|PositionOrientationProperty|TGModelProperty|TGObject
EmitterController,0,EffectController,EffectController
EmitterControllerPtr,1,EmitterController,EmitterController|EffectController
EnergyWeapon,0,Weapon,Weapon|ShipSubsystem|TGEventHandlerObject|TGTemplatedAttrObject|TGAttrObject|TGObject
EnergyWeaponProperty,0,WeaponProperty,WeaponProperty|SubsystemProperty|TGModelProperty|TGObject
EnergyWeaponPropertyPtr,1,EnergyWeaponProperty,EnergyWeaponProperty|WeaponProperty|SubsystemProperty|TGModelProperty|TGObject
EnergyWeaponPtr,1,EnergyWeapon,EnergyWeapon|Weapon|ShipSubsystem|TGEventHandlerObject|TGTemplatedAttrObject|TGAttrObject|TGObject
EngPowerCtrl,0,TGPane,TGPane|TGUIObject|TGEventHandlerObject|TGTemplatedAttrObject|TGAttrObject|TGObject
EngPowerCtrlPtr,1,EngPowerCtrl,EngPowerCtrl|TGPane|TGUIObject|TGEventHandlerObject|TGTemplatedAttrObject|TGAttrObject|TGObject
EngPowerDisplay,0,TGPane,TGPane|TGUIObject|TGEventHandlerObject|TGTemplatedAttrObject|TGAttrObject|TGObject
EngPowerDisplayPtr,1,EngPowerDisplay,EngPowerDisplay|TGPane|TGUIObject|TGEventHandlerObject|TGTemplatedAttrObject|TGAttrObject|TGObject
EngRepairPane,0,TGPane,TGPane|TGUIObject|TGEventHandlerObject|TGTemplatedAttrObject|TGAttrObject|TGObject
EngRepairPanePtr,1,EngRepairPane,EngRepairPane|TGPane|TGUIObject|TGEventHandlerObject|TGTemplatedAttrObject|TGAttrObject|TGObject
EngineGlowProperty,0,TGModelProperty,TGModelProperty|TGObject
EngineGlowPropertyPtr,1,EngineGlowProperty,EngineGlowProperty|TGModelProperty|TGObject
EngineProperty,0,SubsystemProperty,SubsystemProperty|TGModelProperty|TGObject
EnginePropertyPtr,1,EngineProperty,EngineProperty|SubsystemProperty|TGModelProperty|TGObject
Episode,0,ScriptObject,ScriptObject|TGEventHandlerObject|TGTemplatedAttrObject|TGAttrObject|TGObject
EpisodePtr,1,Episode,Episode|ScriptObject|TGEventHandlerObject|TGTemplatedAttrObject|TGAttrObject|TGObject
ExplodeEmitterProperty,0,EffectEmitterProperty,EffectEmitterProperty|PositionOrientationProperty|TGModelProperty|TGObject
ExplodeEmitterPropertyPtr,1,ExplodeEmitterProperty,ExplodeEmitterProperty|EffectEmitterProperty|PositionOrientationProperty|TGModelProperty|TGObject
ExplodeParticleController,0,PointParticleController,PointParticleController|EmitterController|EffectController
ExplodeParticleControllerPtr,1,ExplodeParticleController,ExplodeParticleController|PointParticleController|EmitterController|EffectController
ExplosionPlumeController,0,AnimTSParticleController,AnimTSParticleController|EmitterController|EffectController
ExplosionPlumeControllerPtr,1,ExplosionPlumeController,ExplosionPlumeController|AnimTSParticleController|EmitterController|EffectController
FiringChain,0,,
FiringChainPtr,1,FiringChain,FiringChain
FloatRangeWatcher,0,,
FloatRangeWatcherPtr,1,FloatRangeWatcher,FloatRangeWatcher
FocusManager,0,,
FocusManagerPtr,1,FocusManager,FocusManager
FuzzyLogic,0,,
FuzzyLogicPtr,1,FuzzyLogic,FuzzyLogic
Game,0,ScriptObject,ScriptObject|TGEventHandlerObject|TGTemplatedAttrObject|TGAttrObject|TGObject
GamePtr,1,Game,Game|ScriptObject|TGEventHandlerObject|TGTemplatedAttrObject|TGAttrObject|TGObject
GraphicsMenu,0,TGPane,TGPane|TGUIObject|TGEventHandlerObject|TGTemplatedAttrObject|TGAttrObject|TGObject
GraphicsMenuInfo,0,,
GraphicsMenuInfoPtr,1,GraphicsMenuInfo,GraphicsMenuInfo
GraphicsMenuPtr,1,GraphicsMenu,GraphicsMenu|TGPane|TGUIObject|TGEventHandlerObject|TGTemplatedAttrObject|TGAttrObject|TGObject
GraphicsModeInfo,0,,
GraphicsModeInfoPtr,1,GraphicsModeInfo,GraphicsModeInfo
GridClass,0,ObjectClass,ObjectClass|BaseObjectClass|TGEventHandlerObject|TGTemplatedAttrObject|TGAttrObject|TGObject
GridClassPtr,1,GridClass,GridClass|ObjectClass|BaseObjectClass|TGEventHandlerObject|TGTemplatedAttrObject|TGAttrObject|TGObject
HullClass,0,ShipSubsystem,ShipSubsystem|TGEventHandlerObject|TGTemplatedAttrObject|TGAttrObject|TGObject
HullClassPtr,1,HullClass,HullClass|ShipSubsystem|TGEventHandlerObject|TGTemplatedAttrObject|TGAttrObject|TGObject
HullProperty,0,SubsystemProperty,SubsystemProperty|TGModelProperty|TGObject
HullPropertyPtr,1,HullProperty,HullProperty|SubsystemProperty|TGModelProperty|TGObject
ImageManagerClass,0,,
ImageManagerClassPtr,1,ImageManagerClass,ImageManagerClass
ImpulseEngineProperty,0,PoweredSubsystemProperty,PoweredSubsystemProperty|SubsystemProperty|TGModelProperty|TGObject
ImpulseEnginePropertyPtr,1,ImpulseEngineProperty,ImpulseEngineProperty|PoweredSubsystemProperty|SubsystemProperty|TGModelProperty|TGObject
ImpulseEngineSubsystem,0,PoweredSubsystem,PoweredSubsystem|ShipSubsystem|TGEventHandlerObject|TGTemplatedAttrObject|TGAttrObject|TGObject
ImpulseEngineSubsystemPtr,1,ImpulseEngineSubsystem,ImpulseEngineSubsystem|PoweredSubsystem|ShipSubsystem|TGEventHandlerObject|TGTemplatedAttrObject|TGAttrObject|TGObject
InterfaceModule,0,,
InterfaceModulePtr,1,InterfaceModule,InterfaceModule
KeyboardBinding,0,,
KeyboardBindingPtr,1,KeyboardBinding,KeyboardBinding
LODModel,0,,
LODModelManager,0,,
LODModelManagerPtr,1,LODModelManager,LODModelManager
LODModelPtr,1,LODModel,LODModel
LensFlare,0,,
LensFlarePtr,1,LensFlare,LensFlare
LightObjectClass,0,BaseObjectClass,BaseObjectClass|TGEventHandlerObject|TGTemplatedAttrObject|TGAttrObject|TGObject
LightObjectClassPtr,1,LightObjectClass,LightObjectClass|BaseObjectClass|TGEventHandlerObject|TGTemplatedAttrObject|TGAttrObject|TGObject
LightPlacement,0,PlacementObject,PlacementObject|ObjectClass|BaseObjectClass|TGEventHandlerObject|TGTemplatedAttrObject|TGAttrObject|TGObject
LightPlacementPtr,1,LightPlacement,LightPlacement|PlacementObject|ObjectClass|BaseObjectClass|TGEventHandlerObject|TGTemplatedAttrObject|TGAttrObject|TGObject
LoadEpisodeAction,0,TGScriptAction,TGScriptAction|TGAction|TGObject
LoadEpisodeActionPtr,1,LoadEpisodeAction,LoadEpisodeAction|TGScriptAction|TGAction|TGObject
LoadMissionAction,0,TGScriptAction,TGScriptAction|TGAction|TGObject
LoadMissionActionPtr,1,LoadMissionAction,LoadMissionAction|TGScriptAction|TGAction|TGObject
MainWindow,0,TGPane,TGPane|TGUIObject|TGEventHandlerObject|TGTemplatedAttrObject|TGAttrObject|TGObject
MainWindowPtr,1,MainWindow,MainWindow|TGPane|TGUIObject|TGEventHandlerObject|TGTemplatedAttrObject|TGAttrObject|TGObject
MapWindow,0,MainWindow,MainWindow|TGPane|TGUIObject|TGEventHandlerObject|TGTemplatedAttrObject|TGAttrObject|TGObject
MapWindowPtr,1,MapWindow,MapWindow|MainWindow|TGPane|TGUIObject|TGEventHandlerObject|TGTemplatedAttrObject|TGAttrObject|TGObject
MetaNebula,0,Nebula,Nebula|ObjectClass|BaseObjectClass|TGEventHandlerObject|TGTemplatedAttrObject|TGAttrObject|TGObject
MetaNebulaPtr,1,MetaNebula,MetaNebula|Nebula|ObjectClass|BaseObjectClass|TGEventHandlerObject|TGTemplatedAttrObject|TGAttrObject|TGObject
Mission,0,ScriptObject,ScriptObject|TGEventHandlerObject|TGTemplatedAttrObject|TGAttrObject|TGObject
MissionPtr,1,Mission,Mission|ScriptObject|TGEventHandlerObject|TGTemplatedAttrObject|TGAttrObject|TGObject
ModalDialogWindow,0,MainWindow,MainWindow|TGPane|TGUIObject|TGEventHandlerObject|TGTemplatedAttrObject|TGAttrObject|TGObject
ModalDialogWindowPtr,1,ModalDialogWindow,ModalDialogWindow|MainWindow|TGPane|TGUIObject|TGEventHandlerObject|TGTemplatedAttrObject|TGAttrObject|TGObject
MultiplayerGame,0,Game,Game|ScriptObject|TGEventHandlerObject|TGTemplatedAttrObject|TGAttrObject|TGObject
MultiplayerGamePtr,1,MultiplayerGame,MultiplayerGame|Game|ScriptObject|TGEventHandlerObject|TGTemplatedAttrObject|TGAttrObject|TGObject
MultiplayerWindow,0,MainWindow,MainWindow|TGPane|TGUIObject|TGEventHandlerObject|TGTemplatedAttrObject|TGAttrObject|TGObject
MultiplayerWindowPtr,1,MultiplayerWindow,MultiplayerWindow|MainWindow|TGPane|TGUIObject|TGEventHandlerObject|TGTemplatedAttrObject|TGAttrObject|TGObject
Nebula,0,ObjectClass,ObjectClass|BaseObjectClass|TGEventHandlerObject|TGTemplatedAttrObject|TGAttrObject|TGObject
NebulaPtr,1,Nebula,Nebula|ObjectClass|BaseObjectClass|TGEventHandlerObject|TGTemplatedAttrObject|TGAttrObject|TGObject
NiAVObject,0,,
NiAVObjectPtr,1,NiAVObject,NiAVObject
NiCamera,0,,
NiCameraPtr,1,NiCamera,NiCamera
NiColor,0,,
NiColorA,0,,
NiColorAPtr,1,NiColorA,NiColorA
NiColorPtr,1,NiColor,NiColor
NiFrustum,0,,
NiFrustumPtr,1,NiFrustum,NiFrustum
NiMatrix3,0,,
NiMatrix3Ptr,1,NiMatrix3,NiMatrix3
NiNode,0,,
NiNodePtr,1,NiNode,NiNode
NiPoint2,0,,
NiPoint2Ptr,1,NiPoint2,NiPoint2
NiPoint3,0,,
NiPoint3Ptr,1,NiPoint3,NiPoint3
ObjectClass,0,BaseObjectClass,BaseObjectClass|TGEventHandlerObject|TGTemplatedAttrObject|TGAttrObject|TGObject
ObjectClassPtr,1,ObjectClass,ObjectClass|BaseObjectClass|TGEventHandlerObject|TGTemplatedAttrObject|TGAttrObject|TGObject
ObjectEmitterProperty,0,PositionOrientationProperty,PositionOrientationProperty|TGModelProperty|TGObject
ObjectEmitterPropertyPtr,1,ObjectEmitterProperty,ObjectEmitterProperty|PositionOrientationProperty|TGModelProperty|TGObject
ObjectExplodingEvent,0,TGEvent,TGEvent|TGObject
ObjectExplodingEventPtr,1,ObjectExplodingEvent,ObjectExplodingEvent|TGEvent|TGObject
ObjectGroup,0,TGEventHandlerObject,TGEventHandlerObject|TGTemplatedAttrObject|TGAttrObject|TGObject
ObjectGroupPtr,1,ObjectGroup,ObjectGroup|TGEventHandlerObject|TGTemplatedAttrObject|TGAttrObject|TGObject
ObjectGroupWithInfo,0,ObjectGroup,ObjectGroup|TGEventHandlerObject|TGTemplatedAttrObject|TGAttrObject|TGObject
ObjectGroupWithInfoPtr,1,ObjectGroupWithInfo,ObjectGroupWithInfo|ObjectGroup|TGEventHandlerObject|TGTemplatedAttrObject|TGAttrObject|TGObject
OptimizedFireScript,0,PreprocessingAI,PreprocessingAI|ArtificialIntelligence
OptimizedFireScriptPtr,1,OptimizedFireScript,OptimizedFireScript|PreprocessingAI|ArtificialIntelligence
OptimizedSelectTarget,0,PreprocessingAI,PreprocessingAI|ArtificialIntelligence
OptimizedSelectTargetPtr,1,OptimizedSelectTarget,OptimizedSelectTarget|PreprocessingAI|ArtificialIntelligence
OptionsWindow,0,MainWindow,MainWindow|TGPane|TGUIObject|TGEventHandlerObject|TGTemplatedAttrObject|TGAttrObject|TGObject
OptionsWindowPtr,1,OptionsWindow,OptionsWindow|MainWindow|TGPane|TGUIObject|TGEventHandlerObject|TGTemplatedAttrObject|TGAttrObject|TGObject
PhaserBank,0,EnergyWeapon,EnergyWeapon|Weapon|ShipSubsystem|TGEventHandlerObject|TGTemplatedAttrObject|TGAttrObject|TGObject
PhaserBankPtr,1,PhaserBank,PhaserBank|EnergyWeapon|Weapon|ShipSubsystem|TGEventHandlerObject|TGTemplatedAttrObject|TGAttrObject|TGObject
PhaserProperty,0,EnergyWeaponProperty,EnergyWeaponProperty|WeaponProperty|SubsystemProperty|TGModelProperty|TGObject
PhaserPropertyPtr,1,PhaserProperty,PhaserProperty|EnergyWeaponProperty|WeaponProperty|SubsystemProperty|TGModelProperty|TGObject
PhaserSystem,0,WeaponSystem,WeaponSystem|PoweredSubsystem|ShipSubsystem|TGEventHandlerObject|TGTemplatedAttrObject|TGAttrObject|TGObject
PhaserSystemPtr,1,PhaserSystem,PhaserSystem|WeaponSystem|PoweredSubsystem|ShipSubsystem|TGEventHandlerObject|TGTemplatedAttrObject|TGAttrObject|TGObject
PhysicsObjectClass,0,ObjectClass,ObjectClass|BaseObjectClass|TGEventHandlerObject|TGTemplatedAttrObject|TGAttrObject|TGObject
PhysicsObjectClassPtr,1,PhysicsObjectClass,PhysicsObjectClass|ObjectClass|BaseObjectClass|TGEventHandlerObject|TGTemplatedAttrObject|TGAttrObject|TGObject
PlacementObject,0,ObjectClass,ObjectClass|BaseObjectClass|TGEventHandlerObject|TGTemplatedAttrObject|TGAttrObject|TGObject
PlacementObjectPtr,1,PlacementObject,PlacementObject|ObjectClass|BaseObjectClass|TGEventHandlerObject|TGTemplatedAttrObject|TGAttrObject|TGObject
PlainAI,0,ArtificialIntelligence,ArtificialIntelligence
PlainAIPtr,1,PlainAI,PlainAI|ArtificialIntelligence
Planet,0,ObjectClass,ObjectClass|BaseObjectClass|TGEventHandlerObject|TGTemplatedAttrObject|TGAttrObject|TGObject
PlanetPtr,1,Planet,Planet|ObjectClass|BaseObjectClass|TGEventHandlerObject|TGTemplatedAttrObject|TGAttrObject|TGObject
PointParticleController,0,EmitterController,EmitterController|EffectController
PointParticleControllerPtr,1,PointParticleController,PointParticleController|EmitterController|EffectController
PositionOrientationProperty,0,TGModelProperty,TGModelProperty|TGObject
PositionOrientationPropertyPtr,1,PositionOrientationProperty,PositionOrientationProperty|TGModelProperty|TGObject
PowerProperty,0,SubsystemProperty,SubsystemProperty|TGModelProperty|TGObject
PowerPropertyPtr,1,PowerProperty,PowerProperty|SubsystemProperty|TGModelProperty|TGObject
PowerSubsystem,0,ShipSubsystem,ShipSubsystem|TGEventHandlerObject|TGTemplatedAttrObject|TGAttrObject|TGObject
PowerSubsystemPtr,1,PowerSubsystem,PowerSubsystem|ShipSubsystem|TGEventHandlerObject|TGTemplatedAttrObject|TGAttrObject|TGObject
PoweredSubsystem,0,ShipSubsystem,ShipSubsystem|TGEventHandlerObject|TGTemplatedAttrObject|TGAttrObject|TGObject
PoweredSubsystemProperty,0,SubsystemProperty,SubsystemProperty|TGModelProperty|TGObject
PoweredSubsystemPropertyPtr,1,PoweredSubsystemProperty,PoweredSubsystemProperty|SubsystemProperty|TGModelProperty|TGObject
PoweredSubsystemPtr,1,PoweredSubsystem,PoweredSubsystem|ShipSubsystem|TGEventHandlerObject|TGTemplatedAttrObject|TGAttrObject|TGObject
PreprocessingAI,0,ArtificialIntelligence,ArtificialIntelligence
PreprocessingAIPtr,1,PreprocessingAI,PreprocessingAI|ArtificialIntelligence
PriorityListAI,0,ArtificialIntelligence,ArtificialIntelligence
PriorityListAIPtr,1,PriorityListAI,PriorityListAI|ArtificialIntelligence
ProximityCheck,0,ObjectClass,ObjectClass|BaseObjectClass|TGEventHandlerObject|TGTemplatedAttrObject|TGAttrObject|TGObject
ProximityCheckPtr,1,ProximityCheck,ProximityCheck|ObjectClass|BaseObjectClass|TGEventHandlerObject|TGTemplatedAttrObject|TGAttrObject|TGObject
ProximityEvent,0,TGEvent,TGEvent|TGObject
ProximityEventPtr,1,ProximityEvent,ProximityEvent|TGEvent|TGObject
ProximityManager,0,,
ProximityManagerPtr,1,ProximityManager,ProximityManager
PulseWeapon,0,EnergyWeapon,EnergyWeapon|Weapon|ShipSubsystem|TGEventHandlerObject|TGTemplatedAttrObject|TGAttrObject|TGObject
PulseWeaponProperty,0,EnergyWeaponProperty,EnergyWeaponProperty|WeaponProperty|SubsystemProperty|TGModelProperty|TGObject
PulseWeaponPropertyPtr,1,PulseWeaponProperty,PulseWeaponProperty|EnergyWeaponProperty|WeaponProperty|SubsystemProperty|TGModelProperty|TGObject
PulseWeaponPtr,1,PulseWeapon,PulseWeapon|EnergyWeapon|Weapon|ShipSubsystem|TGEventHandlerObject|TGTemplatedAttrObject|TGAttrObject|TGObject
PulseWeaponSystem,0,WeaponSystem,WeaponSystem|PoweredSubsystem|ShipSubsystem|TGEventHandlerObject|TGTemplatedAttrObject|TGAttrObject|TGObject
PulseWeaponSystemPtr,1,PulseWeaponSystem,PulseWeaponSystem|WeaponSystem|PoweredSubsystem|ShipSubsystem|TGEventHandlerObject|TGTemplatedAttrObject|TGAttrObject|TGObject
PyEmbed,0,,
PyEmbedPtr,1,PyEmbed,PyEmbed
PythonMethodProcess,0,TimeSliceProcess,TimeSliceProcess
PythonMethodProcessPtr,1,PythonMethodProcess,PythonMethodProcess|TimeSliceProcess
RadarBlip,0,TGIcon,TGIcon|TGUIObject|TGEventHandlerObject|TGTemplatedAttrObject|TGAttrObject|TGObject
RadarBlipPtr,1,RadarBlip,RadarBlip|TGIcon|TGUIObject|TGEventHandlerObject|TGTemplatedAttrObject|TGAttrObject|TGObject
RadarDisplay,0,STStylizedWindow,STStylizedWindow|TGWindow|TGPane|TGUIObject|TGEventHandlerObject|TGTemplatedAttrObject|TGAttrObject|TGObject
RadarDisplayPtr,1,RadarDisplay,RadarDisplay|STStylizedWindow|TGWindow|TGPane|TGUIObject|TGEventHandlerObject|TGTemplatedAttrObject|TGAttrObject|TGObject
RadarScope,0,TGPane,TGPane|TGUIObject|TGEventHandlerObject|TGTemplatedAttrObject|TGAttrObject|TGObject
RadarScopePtr,1,RadarScope,RadarScope|TGPane|TGUIObject|TGEventHandlerObject|TGTemplatedAttrObject|TGAttrObject|TGObject
RandomAI,0,ArtificialIntelligence,ArtificialIntelligence
RandomAIPtr,1,RandomAI,RandomAI|ArtificialIntelligence
RepairSubsystem,0,PoweredSubsystem,PoweredSubsystem|ShipSubsystem|TGEventHandlerObject|TGTemplatedAttrObject|TGAttrObject|TGObject
RepairSubsystemProperty,0,PoweredSubsystemProperty,PoweredSubsystemProperty|SubsystemProperty|TGModelProperty|TGObject
RepairSubsystemPropertyPtr,1,RepairSubsystemProperty,RepairSubsystemProperty|PoweredSubsystemProperty|SubsystemProperty|TGModelProperty|TGObject
RepairSubsystemPtr,1,RepairSubsystem,RepairSubsystem|PoweredSubsystem|ShipSubsystem|TGEventHandlerObject|TGTemplatedAttrObject|TGAttrObject|TGObject
STButton,0,TGButtonBase,TGButtonBase|TGPane|TGUIObject|TGEventHandlerObject|TGTemplatedAttrObject|TGAttrObject|TGObject
STButtonPtr,1,STButton,STButton|TGButtonBase|TGPane|TGUIObject|TGEventHandlerObject|TGTemplatedAttrObject|TGAttrObject|TGObject
STCharacterMenu,0,STMenu,STMenu|TGWindow|TGPane|TGUIObject|TGEventHandlerObject|TGTemplatedAttrObject|TGAttrObject|TGObject
STCharacterMenuPtr,1,STCharacterMenu,STCharacterMenu|STMenu|TGWindow|TGPane|TGUIObject|TGEventHandlerObject|TGTemplatedAttrObject|TGAttrObject|TGObject
STComponentMenu,0,STMenu,STMenu|TGWindow|TGPane|TGUIObject|TGEventHandlerObject|TGTemplatedAttrObject|TGAttrObject|TGObject
STComponentMenuItem,0,STButton,STButton|TGButtonBase|TGPane|TGUIObject|TGEventHandlerObject|TGTemplatedAttrObject|TGAttrObject|TGObject
STComponentMenuItemPtr,1,STComponentMenuItem,STComponentMenuItem|STButton|TGButtonBase|TGPane|TGUIObject|TGEventHandlerObject|TGTemplatedAttrObject|TGAttrObject|TGObject
STComponentMenuPtr,1,STComponentMenu,STComponentMenu|STMenu|TGWindow|TGPane|TGUIObject|TGEventHandlerObject|TGTemplatedAttrObject|TGAttrObject|TGObject
STFileDialog,0,TGPane,TGPane|TGUIObject|TGEventHandlerObject|TGTemplatedAttrObject|TGAttrObject|TGObject
STFileDialogPtr,1,STFileDialog,STFileDialog|TGPane|TGUIObject|TGEventHandlerObject|TGTemplatedAttrObject|TGAttrObject|TGObject
STFileMenu,0,STTopLevelMenu,STTopLevelMenu|STMenu|TGWindow|TGPane|TGUIObject|TGEventHandlerObject|TGTemplatedAttrObject|TGAttrObject|TGObject
STFileMenuPtr,1,STFileMenu,STFileMenu|STTopLevelMenu|STMenu|TGWindow|TGPane|TGUIObject|TGEventHandlerObject|TGTemplatedAttrObject|TGAttrObject|TGObject
STFillGauge,0,TGPane,TGPane|TGUIObject|TGEventHandlerObject|TGTemplatedAttrObject|TGAttrObject|TGObject
STFillGaugePtr,1,STFillGauge,STFillGauge|TGPane|TGUIObject|TGEventHandlerObject|TGTemplatedAttrObject|TGAttrObject|TGObject
STLoadDialog,0,STFileDialog,STFileDialog|TGPane|TGUIObject|TGEventHandlerObject|TGTemplatedAttrObject|TGAttrObject|TGObject
STLoadDialogPtr,1,STLoadDialog,STLoadDialog|STFileDialog|TGPane|TGUIObject|TGEventHandlerObject|TGTemplatedAttrObject|TGAttrObject|TGObject
STMenu,0,TGWindow,TGWindow|TGPane|TGUIObject|TGEventHandlerObject|TGTemplatedAttrObject|TGAttrObject|TGObject
STMenuPtr,1,STMenu,STMenu|TGWindow|TGPane|TGUIObject|TGEventHandlerObject|TGTemplatedAttrObject|TGAttrObject|TGObject
STMissionLog,0,TGPane,TGPane|TGUIObject|TGEventHandlerObject|TGTemplatedAttrObject|TGAttrObject|TGObject
STMissionLogPtr,1,STMissionLog,STMissionLog|TGPane|TGUIObject|TGEventHandlerObject|TGTemplatedAttrObject|TGAttrObject|TGObject
STNumericBar,0,TGPane,TGPane|TGUIObject|TGEventHandlerObject|TGTemplatedAttrObject|TGAttrObject|TGObject
STNumericBarPtr,1,STNumericBar,STNumericBar|TGPane|TGUIObject|TGEventHandlerObject|TGTemplatedAttrObject|TGAttrObject|TGObject
STRoundedButton,0,TGButtonBase,TGButtonBase|TGPane|TGUIObject|TGEventHandlerObject|TGTemplatedAttrObject|TGAttrObject|TGObject
STRoundedButtonPtr,1,STRoundedButton,STRoundedButton|TGButtonBase|TGPane|TGUIObject|TGEventHandlerObject|TGTemplatedAttrObject|TGAttrObject|TGObject
STSaveDialog,0,STFileDialog,STFileDialog|TGPane|TGUIObject|TGEventHandlerObject|TGTemplatedAttrObject|TGAttrObject|TGObject
STSaveDialogPtr,1,STSaveDialog,STSaveDialog|STFileDialog|TGPane|TGUIObject|TGEventHandlerObject|TGTemplatedAttrObject|TGAttrObject|TGObject
STStylizedWindow,0,TGWindow,TGWindow|TGPane|TGUIObject|TGEventHandlerObject|TGTemplatedAttrObject|TGAttrObject|TGObject
STStylizedWindowPtr,1,STStylizedWindow,STStylizedWindow|TGWindow|TGPane|TGUIObject|TGEventHandlerObject|TGTemplatedAttrObject|TGAttrObject|TGObject
STSubPane,0,TGPane,TGPane|TGUIObject|TGEventHandlerObject|TGTemplatedAttrObject|TGAttrObject|TGObject
STSubPanePtr,1,STSubPane,STSubPane|TGPane|TGUIObject|TGEventHandlerObject|TGTemplatedAttrObject|TGAttrObject|TGObject
STSubsystemMenu,0,STMenu,STMenu|TGWindow|TGPane|TGUIObject|TGEventHandlerObject|TGTemplatedAttrObject|TGAttrObject|TGObject
STSubsystemMenuPtr,1,STSubsystemMenu,STSubsystemMenu|STMenu|TGWindow|TGPane|TGUIObject|TGEventHandlerObject|TGTemplatedAttrObject|TGAttrObject|TGObject
STTargetMenu,0,STTopLevelMenu,STTopLevelMenu|STMenu|TGWindow|TGPane|TGUIObject|TGEventHandlerObject|TGTemplatedAttrObject|TGAttrObject|TGObject
STTargetMenuPtr,1,STTargetMenu,STTargetMenu|STTopLevelMenu|STMenu|TGWindow|TGPane|TGUIObject|TGEventHandlerObject|TGTemplatedAttrObject|TGAttrObject|TGObject
STTiledIcon,0,TGIcon,TGIcon|TGUIObject|TGEventHandlerObject|TGTemplatedAttrObject|TGAttrObject|TGObject
STTiledIconPtr,1,STTiledIcon,STTiledIcon|TGIcon|TGUIObject|TGEventHandlerObject|TGTemplatedAttrObject|TGAttrObject|TGObject
STToggle,0,STButton,STButton|TGButtonBase|TGPane|TGUIObject|TGEventHandlerObject|TGTemplatedAttrObject|TGAttrObject|TGObject
STTogglePtr,1,STToggle,STToggle|STButton|TGButtonBase|TGPane|TGUIObject|TGEventHandlerObject|TGTemplatedAttrObject|TGAttrObject|TGObject
STTopLevelMenu,0,STMenu,STMenu|TGWindow|TGPane|TGUIObject|TGEventHandlerObject|TGTemplatedAttrObject|TGAttrObject|TGObject
STTopLevelMenuPtr,1,STTopLevelMenu,STTopLevelMenu|STMenu|TGWindow|TGPane|TGUIObject|TGEventHandlerObject|TGTemplatedAttrObject|TGAttrObject|TGObject
STWarpButton,0,STButton,STButton|TGButtonBase|TGPane|TGUIObject|TGEventHandlerObject|TGTemplatedAttrObject|TGAttrObject|TGObject
STWarpButtonPtr,1,STWarpButton,STWarpButton|STButton|TGButtonBase|TGPane|TGUIObject|TGEventHandlerObject|TGTemplatedAttrObject|TGAttrObject|TGObject
ScriptObject,0,TGEventHandlerObject,TGEventHandlerObject|TGTemplatedAttrObject|TGAttrObject|TGObject
ScriptObjectPtr,1,ScriptObject,ScriptObject|TGEventHandlerObject|TGTemplatedAttrObject|TGAttrObject|TGObject
SensorProperty,0,PoweredSubsystemProperty,PoweredSubsystemProperty|SubsystemProperty|TGModelProperty|TGObject
SensorPropertyPtr,1,SensorProperty,SensorProperty|PoweredSubsystemProperty|SubsystemProperty|TGModelProperty|TGObject
SensorSubsystem,0,PoweredSubsystem,PoweredSubsystem|ShipSubsystem|TGEventHandlerObject|TGTemplatedAttrObject|TGAttrObject|TGObject
SensorSubsystemPtr,1,SensorSubsystem,SensorSubsystem|PoweredSubsystem|ShipSubsystem|TGEventHandlerObject|TGTemplatedAttrObject|TGAttrObject|TGObject
SequenceAI,0,ArtificialIntelligence,ArtificialIntelligence
SequenceAIPtr,1,SequenceAI,SequenceAI|ArtificialIntelligence
ServerListEvent,0,TGEvent,TGEvent|TGObject
ServerListEventPtr,1,ServerListEvent,ServerListEvent|TGEvent|TGObject
SetClass,0,TGEventHandlerObject,TGEventHandlerObject|TGTemplatedAttrObject|TGAttrObject|TGObject
SetClassPtr,1,SetClass,SetClass|TGEventHandlerObject|TGTemplatedAttrObject|TGAttrObject|TGObject
SetFloatVarEvent,0,TGEvent,TGEvent|TGObject
SetFloatVarEventPtr,1,SetFloatVarEvent,SetFloatVarEvent|TGEvent|TGObject
SetManager,0,,
SetManagerPtr,1,SetManager,SetManager
ShieldClass,0,PoweredSubsystem,PoweredSubsystem|ShipSubsystem|TGEventHandlerObject|TGTemplatedAttrObject|TGAttrObject|TGObject
ShieldClassPtr,1,ShieldClass,ShieldClass|PoweredSubsystem|ShipSubsystem|TGEventHandlerObject|TGTemplatedAttrObject|TGAttrObject|TGObject
ShieldProperty,0,PoweredSubsystemProperty,PoweredSubsystemProperty|SubsystemProperty|TGModelProperty|TGObject
ShieldPropertyPtr,1,ShieldProperty,ShieldProperty|PoweredSubsystemProperty|SubsystemProperty|TGModelProperty|TGObject
ShieldsDisplay,0,TGPane,TGPane|TGUIObject|TGEventHandlerObject|TGTemplatedAttrObject|TGAttrObject|TGObject
ShieldsDisplayPtr,1,ShieldsDisplay,ShieldsDisplay|TGPane|TGUIObject|TGEventHandlerObject|TGTemplatedAttrObject|TGAttrObject|TGObject
ShipClass,0,DamageableObject,DamageableObject|PhysicsObjectClass|ObjectClass|BaseObjectClass|TGEventHandlerObject|TGTemplatedAttrObject|TGAttrObject|TGObject
ShipClassPtr,1,ShipClass,ShipClass|DamageableObject|PhysicsObjectClass|ObjectClass|BaseObjectClass|TGEventHandlerObject|TGTemplatedAttrObject|TGAttrObject|TGObject
ShipDisplay,0,STStylizedWindow,STStylizedWindow|TGWindow|TGPane|TGUIObject|TGEventHandlerObject|TGTemplatedAttrObject|TGAttrObject|TGObject
ShipDisplayPtr,1,ShipDisplay,ShipDisplay|STStylizedWindow|TGWindow|TGPane|TGUIObject|TGEventHandlerObject|TGTemplatedAttrObject|TGAttrObject|TGObject
ShipProperty,0,TGModelProperty,TGModelProperty|TGObject
ShipPropertyPtr,1,ShipProperty,ShipProperty|TGModelProperty|TGObject
ShipSubsystem,0,TGEventHandlerObject,TGEventHandlerObject|TGTemplatedAttrObject|TGAttrObject|TGObject
ShipSubsystemPtr,1,ShipSubsystem,ShipSubsystem|TGEventHandlerObject|TGTemplatedAttrObject|TGAttrObject|TGObject
SmokeEmitterProperty,0,EffectEmitterProperty,EffectEmitterProperty|PositionOrientationProperty|TGModelProperty|TGObject
SmokeEmitterPropertyPtr,1,SmokeEmitterProperty,SmokeEmitterProperty|EffectEmitterProperty|PositionOrientationProperty|TGModelProperty|TGObject
SortServerListEvent,0,TGEvent,TGEvent|TGObject
SortServerListEventPtr,1,SortServerListEvent,SortServerListEvent|TGEvent|TGObject
SortedRegionMenu,0,STCharacterMenu,STCharacterMenu|STMenu|TGWindow|TGPane|TGUIObject|TGEventHandlerObject|TGTemplatedAttrObject|TGAttrObject|TGObject
SortedRegionMenuPtr,1,SortedRegionMenu,SortedRegionMenu|STCharacterMenu|STMenu|TGWindow|TGPane|TGUIObject|TGEventHandlerObject|TGTemplatedAttrObject|TGAttrObject|TGObject
SpaceCamera,0,CameraObjectClass,CameraObjectClass|BaseObjectClass|TGEventHandlerObject|TGTemplatedAttrObject|TGAttrObject|TGObject
SpaceCameraPtr,1,SpaceCamera,SpaceCamera|CameraObjectClass|BaseObjectClass|TGEventHandlerObject|TGTemplatedAttrObject|TGAttrObject|TGObject
SparkEmitterProperty,0,EffectEmitterProperty,EffectEmitterProperty|PositionOrientationProperty|TGModelProperty|TGObject
SparkEmitterPropertyPtr,1,SparkEmitterProperty,SparkEmitterProperty|EffectEmitterProperty|PositionOrientationProperty|TGModelProperty|TGObject
SparkParticleController,0,PointParticleController,PointParticleController|EmitterController|EffectController
SparkParticleControllerPtr,1,SparkParticleController,SparkParticleController|PointParticleController|EmitterController|EffectController
StarSphere,0,BackdropSphere,BackdropSphere|Backdrop|ObjectClass|BaseObjectClass|TGEventHandlerObject|TGTemplatedAttrObject|TGAttrObject|TGObject
StarSpherePtr,1,StarSphere,StarSphere|BackdropSphere|Backdrop|ObjectClass|BaseObjectClass|TGEventHandlerObject|TGTemplatedAttrObject|TGAttrObject|TGObject
StartFiringEvent,0,TGEvent,TGEvent|TGObject
StartFiringEventPtr,1,StartFiringEvent,StartFiringEvent|TGEvent|TGObject
SubsystemList,0,,
SubsystemListPtr,1,SubsystemList,SubsystemList
SubsystemProperty,0,TGModelProperty,TGModelProperty|TGObject
SubsystemPropertyPtr,1,SubsystemProperty,SubsystemProperty|TGModelProperty|TGObject
SubtitleAction,0,TGTimedAction,TGTimedAction|TGAction|TGObject
SubtitleActionPtr,1,SubtitleAction,SubtitleAction|TGTimedAction|TGAction|TGObject
SubtitleWindow,0,MainWindow,MainWindow|TGPane|TGUIObject|TGEventHandlerObject|TGTemplatedAttrObject|TGAttrObject|TGObject
SubtitleWindowPtr,1,SubtitleWindow,SubtitleWindow|MainWindow|TGPane|TGUIObject|TGEventHandlerObject|TGTemplatedAttrObject|TGAttrObject|TGObject
Sun,0,Planet,Planet|ObjectClass|BaseObjectClass|TGEventHandlerObject|TGTemplatedAttrObject|TGAttrObject|TGObject
SunEffect,0,,
SunEffectPtr,1,SunEffect,SunEffect
SunPtr,1,Sun,Sun|Planet|ObjectClass|BaseObjectClass|TGEventHandlerObject|TGTemplatedAttrObject|TGAttrObject|TGObject
TGAckMessage,0,TGMessage,TGMessage
TGAckMessagePtr,1,TGAckMessage,TGAckMessage|TGMessage
TGAction,0,TGObject,TGObject
TGActionManager,0,TGEventHandlerObject,TGEventHandlerObject|TGTemplatedAttrObject|TGAttrObject|TGObject
TGActionManagerPtr,1,TGActionManager,TGActionManager|TGEventHandlerObject|TGTemplatedAttrObject|TGAttrObject|TGObject
TGActionPtr,1,TGAction,TGAction|TGObject
TGAnimAction,0,TGTimedAction,TGTimedAction|TGAction|TGObject
TGAnimActionPtr,1,TGAnimAction,TGAnimAction|TGTimedAction|TGAction|TGObject
TGAnimNode,0,NiNode,NiNode
TGAnimNodePtr,1,TGAnimNode,TGAnimNode|NiNode
TGAnimPosition,0,TGAction,TGAction|TGObject
TGAnimPositionPtr,1,TGAnimPosition,TGAnimPosition|TGAction|TGObject
TGAnimationManagerClass,0,,
TGAnimationManagerClassPtr,1,TGAnimationManagerClass,TGAnimationManagerClass
TGAttrObject,0,TGObject,TGObject
TGAttrObjectPtr,1,TGAttrObject,TGAttrObject|TGObject
TGBoolEvent,0,TGEvent,TGEvent|TGObject
TGBoolEventPtr,1,TGBoolEvent,TGBoolEvent|TGEvent|TGObject
TGBootPlayerMessage,0,TGMessage,TGMessage
TGBootPlayerMessagePtr,1,TGBootPlayerMessage,TGBootPlayerMessage|TGMessage
TGBufferStream,0,TGStream,TGStream
TGBufferStreamPtr,1,TGBufferStream,TGBufferStream|TGStream
TGButton,0,TGButtonBase,TGButtonBase|TGPane|TGUIObject|TGEventHandlerObject|TGTemplatedAttrObject|TGAttrObject|TGObject
TGButtonBase,0,TGPane,TGPane|TGUIObject|TGEventHandlerObject|TGTemplatedAttrObject|TGAttrObject|TGObject
TGButtonBasePtr,1,TGButtonBase,TGButtonBase|TGPane|TGUIObject|TGEventHandlerObject|TGTemplatedAttrObject|TGAttrObject|TGObject
TGButtonPtr,1,TGButton,TGButton|TGButtonBase|TGPane|TGUIObject|TGEventHandlerObject|TGTemplatedAttrObject|TGAttrObject|TGObject
TGCharEvent,0,TGEvent,TGEvent|TGObject
TGCharEventPtr,1,TGCharEvent,TGCharEvent|TGEvent|TGObject
TGColorA,0,NiColorA,NiColorA
TGColorAPtr,1,TGColorA,TGColorA|NiColorA
TGCondition,0,TGObject,TGObject
TGConditionAction,0,TGAction|TGConditionHandler,TGAction|TGObject|TGConditionHandler
TGConditionActionPtr,1,TGConditionAction,TGConditionAction|TGAction|TGObject|TGConditionHandler
TGConditionHandler,0,,
TGConditionHandlerPtr,1,TGConditionHandler,TGConditionHandler
TGConditionPtr,1,TGCondition,TGCondition|TGObject
TGConfigMapping,0,,
TGConfigMappingPtr,1,TGConfigMapping,TGConfigMapping
TGConnectMessage,0,TGMessage,TGMessage
TGConnectMessagePtr,1,TGConnectMessage,TGConnectMessage|TGMessage
TGConsole,0,TGPane,TGPane|TGUIObject|TGEventHandlerObject|TGTemplatedAttrObject|TGAttrObject|TGObject
TGConsolePtr,1,TGConsole,TGConsole|TGPane|TGUIObject|TGEventHandlerObject|TGTemplatedAttrObject|TGAttrObject|TGObject
TGCreditAction,0,TGTimedAction,TGTimedAction|TGAction|TGObject
TGCreditActionPtr,1,TGCreditAction,TGCreditAction|TGTimedAction|TGAction|TGObject
TGDialogWindow,0,TGFrameWindow,TGFrameWindow|TGWindow|TGPane|TGUIObject|TGEventHandlerObject|TGTemplatedAttrObject|TGAttrObject|TGObject
TGDialogWindowPtr,1,TGDialogWindow,TGDialogWindow|TGFrameWindow|TGWindow|TGPane|TGUIObject|TGEventHandlerObject|TGTemplatedAttrObject|TGAttrObject|TGObject
TGDisconnectMessage,0,TGMessage,TGMessage
TGDisconnectMessagePtr,1,TGDisconnectMessage,TGDisconnectMessage|TGMessage
TGDoNothingMessage,0,TGMessage,TGMessage
TGDoNothingMessagePtr,1,TGDoNothingMessage,TGDoNothingMessage|TGMessage
TGEvent,0,TGObject,TGObject
TGEventHandlerObject,0,TGTemplatedAttrObject,TGTemplatedAttrObject|TGAttrObject|TGObject
TGEventHandlerObjectPtr,1,TGEventHandlerObject,TGEventHandlerObject|TGTemplatedAttrObject|TGAttrObject|TGObject
TGEventManager,0,,
TGEventManagerPtr,1,TGEventManager,TGEventManager
TGEventPtr,1,TGEvent,TGEvent|TGObject
TGFloatEvent,0,TGEvent,TGEvent|TGObject
TGFloatEventPtr,1,TGFloatEvent,TGFloatEvent|TGEvent|TGObject
TGFontGroup,0,TGIconGroup,TGIconGroup
TGFontGroupPtr,1,TGFontGroup,TGFontGroup|TGIconGroup
TGFontManager,0,,
TGFontManagerPtr,1,TGFontManager,TGFontManager
TGFrame,0,TGUIObject,TGUIObject|TGEventHandlerObject|TGTemplatedAttrObject|TGAttrObject|TGObject
TGFramePtr,1,TGFrame,TGFrame|TGUIObject|TGEventHandlerObject|TGTemplatedAttrObject|TGAttrObject|TGObject
TGFrameWindow,0,TGWindow,TGWindow|TGPane|TGUIObject|TGEventHandlerObject|TGTemplatedAttrObject|TGAttrObject|TGObject
TGFrameWindowPtr,1,TGFrameWindow,TGFrameWindow|TGWindow|TGPane|TGUIObject|TGEventHandlerObject|TGTemplatedAttrObject|TGAttrObject|TGObject
TGGamepadEvent,0,TGIEvent,TGIEvent|TGEvent|TGObject
TGGamepadEventPtr,1,TGGamepadEvent,TGGamepadEvent|TGIEvent|TGEvent|TGObject
TGGeomUtils,0,,
TGGeomUtilsPtr,1,TGGeomUtils,TGGeomUtils
TGGroupPlayer,0,,
TGGroupPlayerPtr,1,TGGroupPlayer,TGGroupPlayer
TGIEvent,0,TGEvent,TGEvent|TGObject
TGIEventPtr,1,TGIEvent,TGIEvent|TGEvent|TGObject
TGIcon,0,TGUIObject,TGUIObject|TGEventHandlerObject|TGTemplatedAttrObject|TGAttrObject|TGObject
TGIconGroup,0,,
TGIconGroupPtr,1,TGIconGroup,TGIconGroup
TGIconManager,0,,
TGIconManagerPtr,1,TGIconManager,TGIconManager
TGIconPtr,1,TGIcon,TGIcon|TGUIObject|TGEventHandlerObject|TGTemplatedAttrObject|TGAttrObject|TGObject
TGInputManager,0,,
TGInputManagerPtr,1,TGInputManager,TGInputManager
TGIntEvent,0,TGEvent,TGEvent|TGObject
TGIntEventPtr,1,TGIntEvent,TGIntEvent|TGEvent|TGObject
TGKeyboardEvent,0,TGIEvent,TGIEvent|TGEvent|TGObject
TGKeyboardEventPtr,1,TGKeyboardEvent,TGKeyboardEvent|TGIEvent|TGEvent|TGObject
TGLocalizationDatabase,0,,
TGLocalizationDatabasePtr,1,TGLocalizationDatabase,TGLocalizationDatabase
TGLocalizationManager,0,,
TGLocalizationManagerPtr,1,TGLocalizationManager,TGLocalizationManager
TGMatrix3,0,NiMatrix3,NiMatrix3
TGMatrix3Ptr,1,TGMatrix3,TGMatrix3|NiMatrix3
TGMessage,0,,
TGMessageEvent,0,TGEvent,TGEvent|TGObject
TGMessageEventPtr,1,TGMessageEvent,TGMessageEvent|TGEvent|TGObject
TGMessagePtr,1,TGMessage,TGMessage
TGModelManager,0,,
TGModelManagerPtr,1,TGModelManager,TGModelManager
TGModelProperty,0,TGObject,TGObject
TGModelPropertyInstance,0,,
TGModelPropertyInstancePtr,1,TGModelPropertyInstance,TGModelPropertyInstance
TGModelPropertyList,0,,
TGModelPropertyListPtr,1,TGModelPropertyList,TGModelPropertyList
TGModelPropertyManager,0,,
TGModelPropertyManagerPtr,1,TGModelPropertyManager,TGModelPropertyManager
TGModelPropertyPtr,1,TGModelProperty,TGModelProperty|TGObject
TGModelPropertySet,0,TGObject,TGObject
TGModelPropertySetPtr,1,TGModelPropertySet,TGModelPropertySet|TGObject
TGModelUtils,0,,
TGModelUtilsPtr,1,TGModelUtils,TGModelUtils
TGMouseEvent,0,TGIEvent,TGIEvent|TGEvent|TGObject
TGMouseEventPtr,1,TGMouseEvent,TGMouseEvent|TGIEvent|TGEvent|TGObject
TGMovieAction,0,TGAction,TGAction|TGObject
TGMovieActionPtr,1,TGMovieAction,TGMovieAction|TGAction|TGObject
TGMovieManager,0,,
TGMovieManagerPtr,1,TGMovieManager,TGMovieManager
TGMusic,0,TGEventHandlerObject,TGEventHandlerObject|TGTemplatedAttrObject|TGAttrObject|TGObject
TGMusicPtr,1,TGMusic,TGMusic|TGEventHandlerObject|TGTemplatedAttrObject|TGAttrObject|TGObject
TGNameChangeMessage,0,TGMessage,TGMessage
TGNameChangeMessagePtr,1,TGNameChangeMessage,TGNameChangeMessage|TGMessage
TGNetGroup,0,,
TGNetGroupPtr,1,TGNetGroup,TGNetGroup
TGNetPlayer,0,,
TGNetPlayerPtr,1,TGNetPlayer,TGNetPlayer
TGNetwork,0,TGEventHandlerObject,TGEventHandlerObject|TGTemplatedAttrObject|TGAttrObject|TGObject
TGNetworkPtr,1,TGNetwork,TGNetwork|TGEventHandlerObject|TGTemplatedAttrObject|TGAttrObject|TGObject
TGObjPtrEvent,0,TGEvent,TGEvent|TGObject
TGObjPtrEventPtr,1,TGObjPtrEvent,TGObjPtrEvent|TGEvent|TGObject
TGObject,0,,
TGObjectPtr,1,TGObject,TGObject
TGPane,0,TGUIObject,TGUIObject|TGEventHandlerObject|TGTemplatedAttrObject|TGAttrObject|TGObject
TGPanePtr,1,TGPane,TGPane|TGUIObject|TGEventHandlerObject|TGTemplatedAttrObject|TGAttrObject|TGObject
TGParagraph,0,TGPane,TGPane|TGUIObject|TGEventHandlerObject|TGTemplatedAttrObject|TGAttrObject|TGObject
TGParagraphPtr,1,TGParagraph,TGParagraph|TGPane|TGUIObject|TGEventHandlerObject|TGTemplatedAttrObject|TGAttrObject|TGObject
TGPlayerEvent,0,TGEvent,TGEvent|TGObject
TGPlayerEventPtr,1,TGPlayerEvent,TGPlayerEvent|TGEvent|TGObject
TGPlayerList,0,,
TGPlayerListPtr,1,TGPlayerList,TGPlayerList
TGPoint3,0,NiPoint3,NiPoint3
TGPoint3Ptr,1,TGPoint3,TGPoint3|NiPoint3
TGPoolManager,0,,
TGPoolManagerPtr,1,TGPoolManager,TGPoolManager
TGProfilingInfo,0,,
TGProfilingInfoPtr,1,TGProfilingInfo,TGProfilingInfo
TGPrompt,0,TGParagraph,TGParagraph|TGPane|TGUIObject|TGEventHandlerObject|TGTemplatedAttrObject|TGAttrObject|TGObject
TGPromptPtr,1,TGPrompt,TGPrompt|TGParagraph|TGPane|TGUIObject|TGEventHandlerObject|TGTemplatedAttrObject|TGAttrObject|TGObject
TGPythonInstanceWrapper,0,TGEventHandlerObject,TGEventHandlerObject|TGTemplatedAttrObject|TGAttrObject|TGObject
TGPythonInstanceWrapperPtr,1,TGPythonInstanceWrapper,TGPythonInstanceWrapper|TGEventHandlerObject|TGTemplatedAttrObject|TGAttrObject|TGObject
TGRect,0,,
TGRectPtr,1,TGRect,TGRect
TGRedbookClass,0,,
TGRedbookClassPtr,1,TGRedbookClass,TGRedbookClass
TGRootPane,0,TGPane,TGPane|TGUIObject|TGEventHandlerObject|TGTemplatedAttrObject|TGAttrObject|TGObject
TGRootPanePtr,1,TGRootPane,TGRootPane|TGPane|TGUIObject|TGEventHandlerObject|TGTemplatedAttrObject|TGAttrObject|TGObject
TGScriptAction,0,TGAction,TGAction|TGObject
TGScriptActionPtr,1,TGScriptAction,TGScriptAction|TGAction|TGObject
TGSequence,0,TGAction,TGAction|TGObject
TGSequencePtr,1,TGSequence,TGSequence|TGAction|TGObject
TGShortEvent,0,TGEvent,TGEvent|TGObject
TGShortEventPtr,1,TGShortEvent,TGShortEvent|TGEvent|TGObject
TGSound,0,,
TGSoundAction,0,TGAction,TGAction|TGObject
TGSoundActionPtr,1,TGSoundAction,TGSoundAction|TGAction|TGObject
TGSoundManager,0,TGEventHandlerObject,TGEventHandlerObject|TGTemplatedAttrObject|TGAttrObject|TGObject
TGSoundManagerPtr,1,TGSoundManager,TGSoundManager|TGEventHandlerObject|TGTemplatedAttrObject|TGAttrObject|TGObject
TGSoundPtr,1,TGSound,TGSound
TGSoundRegion,0,TGObject,TGObject
TGSoundRegionPtr,1,TGSoundRegion,TGSoundRegion|TGObject
TGStream,0,,
TGStreamPtr,1,TGStream,TGStream
TGString,0,,
TGStringEvent,0,TGEvent,TGEvent|TGObject
TGStringEventPtr,1,TGStringEvent,TGStringEvent|TGEvent|TGObject
TGStringPtr,1,TGString,TGString
TGStringToStringMap,0,,
TGStringToStringMapPtr,1,TGStringToStringMap,TGStringToStringMap
TGSystemWrapperClass,0,,
TGSystemWrapperClassPtr,1,TGSystemWrapperClass,TGSystemWrapperClass
TGTemplatedAttrObject,0,TGAttrObject,TGAttrObject|TGObject
TGTemplatedAttrObjectPtr,1,TGTemplatedAttrObject,TGTemplatedAttrObject|TGAttrObject|TGObject
TGTextButton,0,TGButtonBase,TGButtonBase|TGPane|TGUIObject|TGEventHandlerObject|TGTemplatedAttrObject|TGAttrObject|TGObject
TGTextButtonPtr,1,TGTextButton,TGTextButton|TGButtonBase|TGPane|TGUIObject|TGEventHandlerObject|TGTemplatedAttrObject|TGAttrObject|TGObject
TGTimedAction,0,TGAction,TGAction|TGObject
TGTimedActionPtr,1,TGTimedAction,TGTimedAction|TGAction|TGObject
TGTimer,0,TGObject,TGObject
TGTimerManager,0,,
TGTimerManagerPtr,1,TGTimerManager,TGTimerManager
TGTimerPtr,1,TGTimer,TGTimer|TGObject
TGUIModule,0,,
TGUIModulePtr,1,TGUIModule,TGUIModule
TGUIObject,0,TGEventHandlerObject,TGEventHandlerObject|TGTemplatedAttrObject|TGAttrObject|TGObject
TGUIObjectPtr,1,TGUIObject,TGUIObject|TGEventHandlerObject|TGTemplatedAttrObject|TGAttrObject|TGObject
TGUITheme,0,,
TGUIThemeManager,0,,
TGUIThemeManagerPtr,1,TGUIThemeManager,TGUIThemeManager
TGUIThemePtr,1,TGUITheme,TGUITheme
TGVoidPtrEvent,0,TGEvent,TGEvent|TGObject
TGVoidPtrEventPtr,1,TGVoidPtrEvent,TGVoidPtrEvent|TGEvent|TGObject
TGWindow,0,TGPane,TGPane|TGUIObject|TGEventHandlerObject|TGTemplatedAttrObject|TGAttrObject|TGObject
TGWindowPtr,1,TGWindow,TGWindow|TGPane|TGUIObject|TGEventHandlerObject|TGTemplatedAttrObject|TGAttrObject|TGObject
TGWinsockNetwork,0,TGNetwork,TGNetwork|TGEventHandlerObject|TGTemplatedAttrObject|TGAttrObject|TGObject
TGWinsockNetworkPtr,1,TGWinsockNetwork,TGWinsockNetwork|TGNetwork|TGEventHandlerObject|TGTemplatedAttrObject|TGAttrObject|TGObject
TacWeaponsCtrl,0,STStylizedWindow,STStylizedWindow|TGWindow|TGPane|TGUIObject|TGEventHandlerObject|TGTemplatedAttrObject|TGAttrObject|TGObject
TacWeaponsCtrlPtr,1,TacWeaponsCtrl,TacWeaponsCtrl|STStylizedWindow|TGWindow|TGPane|TGUIObject|TGEventHandlerObject|TGTemplatedAttrObject|TGAttrObject|TGObject
TacticalControlWindow,0,TGPane,TGPane|TGUIObject|TGEventHandlerObject|TGTemplatedAttrObject|TGAttrObject|TGObject
TacticalControlWindowPtr,1,TacticalControlWindow,TacticalControlWindow|TGPane|TGUIObject|TGEventHandlerObject|TGTemplatedAttrObject|TGAttrObject|TGObject
TacticalWindow,0,MainWindow,MainWindow|TGPane|TGUIObject|TGEventHandlerObject|TGTemplatedAttrObject|TGAttrObject|TGObject
TacticalWindowPtr,1,TacticalWindow,TacticalWindow|MainWindow|TGPane|TGUIObject|TGEventHandlerObject|TGTemplatedAttrObject|TGAttrObject|TGObject
TextureAnimContainer,0,,
TextureAnimContainerPtr,1,TextureAnimContainer,TextureAnimContainer
TextureAnimManager,0,,
TextureAnimManagerPtr,1,TextureAnimManager,TextureAnimManager
TextureAnimTrack,0,,
TextureAnimTrackPtr,1,TextureAnimTrack,TextureAnimTrack
TexturedSparksController,0,EmitterController,EmitterController|EffectController
TexturedSparksControllerPtr,1,TexturedSparksController,TexturedSparksController|EmitterController|EffectController
TimeSliceProcess,0,,
TimeSliceProcessPtr,1,TimeSliceProcess,TimeSliceProcess
TopWindow,0,TGPane,TGPane|TGUIObject|TGEventHandlerObject|TGTemplatedAttrObject|TGAttrObject|TGObject
TopWindowPtr,1,TopWindow,TopWindow|TGPane|TGUIObject|TGEventHandlerObject|TGTemplatedAttrObject|TGAttrObject|TGObject
Torpedo,0,PhysicsObjectClass|WeaponPayload,PhysicsObjectClass|ObjectClass|BaseObjectClass|TGEventHandlerObject|TGTemplatedAttrObject|TGAttrObject|TGObject|WeaponPayload
TorpedoAmmoType,0,,
TorpedoAmmoTypePtr,1,TorpedoAmmoType,TorpedoAmmoType
TorpedoPtr,1,Torpedo,Torpedo|PhysicsObjectClass|ObjectClass|BaseObjectClass|TGEventHandlerObject|TGTemplatedAttrObject|TGAttrObject|TGObject|WeaponPayload
TorpedoSystem,0,WeaponSystem,WeaponSystem|PoweredSubsystem|ShipSubsystem|TGEventHandlerObject|TGTemplatedAttrObject|TGAttrObject|TGObject
TorpedoSystemProperty,0,WeaponSystemProperty,WeaponSystemProperty|PoweredSubsystemProperty|SubsystemProperty|TGModelProperty|TGObject
TorpedoSystemPropertyPtr,1,TorpedoSystemProperty,TorpedoSystemProperty|WeaponSystemProperty|PoweredSubsystemProperty|SubsystemProperty|TGModelProperty|TGObject
TorpedoSystemPtr,1,TorpedoSystem,TorpedoSystem|WeaponSystem|PoweredSubsystem|ShipSubsystem|TGEventHandlerObject|TGTemplatedAttrObject|TGAttrObject|TGObject
TorpedoTube,0,Weapon,Weapon|ShipSubsystem|TGEventHandlerObject|TGTemplatedAttrObject|TGAttrObject|TGObject
TorpedoTubeProperty,0,WeaponProperty,WeaponProperty|SubsystemProperty|TGModelProperty|TGObject
TorpedoTubePropertyPtr,1,TorpedoTubeProperty,TorpedoTubeProperty|WeaponProperty|SubsystemProperty|TGModelProperty|TGObject
TorpedoTubePtr,1,TorpedoTube,TorpedoTube|Weapon|ShipSubsystem|TGEventHandlerObject|TGTemplatedAttrObject|TGAttrObject|TGObject
TractorBeamProjector,0,EnergyWeapon,EnergyWeapon|Weapon|ShipSubsystem|TGEventHandlerObject|TGTemplatedAttrObject|TGAttrObject|TGObject
TractorBeamProjectorPtr,1,TractorBeamProjector,TractorBeamProjector|EnergyWeapon|Weapon|ShipSubsystem|TGEventHandlerObject|TGTemplatedAttrObject|TGAttrObject|TGObject
TractorBeamProperty,0,EnergyWeaponProperty,EnergyWeaponProperty|WeaponProperty|SubsystemProperty|TGModelProperty|TGObject
TractorBeamPropertyPtr,1,TractorBeamProperty,TractorBeamProperty|EnergyWeaponProperty|WeaponProperty|SubsystemProperty|TGModelProperty|TGObject
TractorBeamSystem,0,WeaponSystem,WeaponSystem|PoweredSubsystem|ShipSubsystem|TGEventHandlerObject|TGTemplatedAttrObject|TGAttrObject|TGObject
TractorBeamSystemPtr,1,TractorBeamSystem,TractorBeamSystem|WeaponSystem|PoweredSubsystem|ShipSubsystem|TGEventHandlerObject|TGTemplatedAttrObject|TGAttrObject|TGObject
UITreeDialog,0,,
UITreeDialogPtr,1,UITreeDialog,UITreeDialog
UtopiaApp,0,,
UtopiaAppPtr,1,UtopiaApp,UtopiaApp
UtopiaModule,0,,
UtopiaModulePtr,1,UtopiaModule,UtopiaModule
VarManagerClass,0,TGEventHandlerObject,TGEventHandlerObject|TGTemplatedAttrObject|TGAttrObject|TGObject
VarManagerClassPtr,1,VarManagerClass,VarManagerClass|TGEventHandlerObject|TGTemplatedAttrObject|TGAttrObject|TGObject
ViewScreenObject,0,ObjectClass,ObjectClass|BaseObjectClass|TGEventHandlerObject|TGTemplatedAttrObject|TGAttrObject|TGObject
ViewScreenObjectPtr,1,ViewScreenObject,ViewScreenObject|ObjectClass|BaseObjectClass|TGEventHandlerObject|TGTemplatedAttrObject|TGAttrObject|TGObject
WarpEngineProperty,0,PoweredSubsystemProperty,PoweredSubsystemProperty|SubsystemProperty|TGModelProperty|TGObject
WarpEnginePropertyPtr,1,WarpEngineProperty,WarpEngineProperty|PoweredSubsystemProperty|SubsystemProperty|TGModelProperty|TGObject
WarpEngineSubsystem,0,PoweredSubsystem,PoweredSubsystem|ShipSubsystem|TGEventHandlerObject|TGTemplatedAttrObject|TGAttrObject|TGObject
WarpEngineSubsystemPtr,1,WarpEngineSubsystem,WarpEngineSubsystem|PoweredSubsystem|ShipSubsystem|TGEventHandlerObject|TGTemplatedAttrObject|TGAttrObject|TGObject
WarpEvent,0,TGEvent,TGEvent|TGObject
WarpEventPtr,1,WarpEvent,WarpEvent|TGEvent|TGObject
WarpFlash,0,ObjectClass,ObjectClass|BaseObjectClass|TGEventHandlerObject|TGTemplatedAttrObject|TGAttrObject|TGObject
WarpFlashPtr,1,WarpFlash,WarpFlash|ObjectClass|BaseObjectClass|TGEventHandlerObject|TGTemplatedAttrObject|TGAttrObject|TGObject
WarpSequence,0,TGSequence,TGSequence|TGAction|TGObject
WarpSequencePtr,1,WarpSequence,WarpSequence|TGSequence|TGAction|TGObject
WarpSet,0,SetClass,SetClass|TGEventHandlerObject|TGTemplatedAttrObject|TGAttrObject|TGObject
WarpSetPtr,1,WarpSet,WarpSet|SetClass|TGEventHandlerObject|TGTemplatedAttrObject|TGAttrObject|TGObject
Waypoint,0,PlacementObject,PlacementObject|ObjectClass|BaseObjectClass|TGEventHandlerObject|TGTemplatedAttrObject|TGAttrObject|TGObject
WaypointEvent,0,TGEvent,TGEvent|TGObject
WaypointEventPtr,1,WaypointEvent,WaypointEvent|TGEvent|TGObject
WaypointPtr,1,Waypoint,Waypoint|PlacementObject|ObjectClass|BaseObjectClass|TGEventHandlerObject|TGTemplatedAttrObject|TGAttrObject|TGObject
Weapon,0,ShipSubsystem,ShipSubsystem|TGEventHandlerObject|TGTemplatedAttrObject|TGAttrObject|TGObject
WeaponHitEvent,0,TGEvent,TGEvent|TGObject
WeaponHitEventPtr,1,WeaponHitEvent,WeaponHitEvent|TGEvent|TGObject
WeaponPayload,0,,
WeaponPayloadPtr,1,WeaponPayload,WeaponPayload
WeaponProperty,0,SubsystemProperty,SubsystemProperty|TGModelProperty|TGObject
WeaponPropertyPtr,1,WeaponProperty,WeaponProperty|SubsystemProperty|TGModelProperty|TGObject
WeaponPtr,1,Weapon,Weapon|ShipSubsystem|TGEventHandlerObject|TGTemplatedAttrObject|TGAttrObject|TGObject
WeaponSystem,0,PoweredSubsystem,PoweredSubsystem|ShipSubsystem|TGEventHandlerObject|TGTemplatedAttrObject|TGAttrObject|TGObject
WeaponSystemProperty,0,PoweredSubsystemProperty,PoweredSubsystemProperty|SubsystemProperty|TGModelProperty|TGObject
WeaponSystemPropertyPtr,1,WeaponSystemProperty,WeaponSystemProperty|PoweredSubsystemProperty|SubsystemProperty|TGModelProperty|TGObject
WeaponSystemPtr,1,WeaponSystem,WeaponSystem|PoweredSubsystem|ShipSubsystem|TGEventHandlerObject|TGTemplatedAttrObject|TGAttrObject|TGObject
WeaponsDisplay,0,STStylizedWindow,STStylizedWindow|TGWindow|TGPane|TGUIObject|TGEventHandlerObject|TGTemplatedAttrObject|TGAttrObject|TGObject
WeaponsDisplayPtr,1,WeaponsDisplay,WeaponsDisplay|STStylizedWindow|TGWindow|TGPane|TGUIObject|TGEventHandlerObject|TGTemplatedAttrObject|TGAttrObject|TGObject
ZoomCameraObjectClass,0,CameraObjectClass,CameraObjectClass|BaseObjectClass|TGEventHandlerObject|TGTemplatedAttrObject|TGAttrObject|TGObject
ZoomCameraObjectClassPtr,1,ZoomCameraObjectClass,ZoomCameraObjectClass|CameraObjectClass|BaseObjectClass|TGEventHandlerObject|TGTemplatedAttrObject|TGAttrObject|TGObject
